Path,Beta,p_value
Expectation → Satisfaction,0.1862100825470023,0.011014466074398703
Reality → Satisfaction,0.4414845012089833,4.7574717207096724e-11
Adaptability → Satisfaction,-0.04223139294240638,0.5524431022081482
Gap → Satisfaction,-0.2552744186619819,1.6565337594458856e-07
Satisfaction → Growth,0.7724816032202655,6.255977007057567e-15
Adaptability → Growth,-0.20486507154976275,0.05149146468793753
