Construct,R2
Satisfaction,0.2568105965776323
Growth,0.2746622403836887
